tithi,samples,avg_return_pct,median_return_pct,std_return_pct,max_gain_pct,max_loss_pct,win_rate,positive_count,negative_count,average_trading_range,average_body_pct,average_upper_wick_pct,average_lower_wick_pct,average_close_position_pct,average_up_move,average_down_move,high_volatility_pct,low_volatility_pct
KRISHNA_TRAYODASHI,5,0.07999101670931419,0.1522451948928212,0.16153324385144113,0.238081192007214,-0.1675793001669446,80.0,4,1,87.67000000000044,36.85410223055189,13.9757823359388,49.17011543350932,77.07536999683268,38.97999999999956,48.69000000000087,80.0,20.0
KRISHNA_EKADASHI,20,0.06424735939219442,0.06903715806589719,0.1896329923541119,0.356588342653489,-0.3860887530667616,80.0,16,4,88.73499999999967,43.466375926759035,28.785194134342753,27.74842993889821,59.09061975040095,52.23499999999967,36.5,65.0,35.0
SHUKLA_CHATURTHI,18,0.10208888397233126,0.07770068270532575,0.16444523200459166,0.37944097216467,-0.1258055881565642,72.22222222222221,13,5,73.88055555555587,44.085199806420974,23.374414234879715,32.54038595869932,66.17284181707944,46.052777777778225,27.827777777777655,44.44444444444444,55.55555555555556
SHUKLA_DASHAMI,14,0.09538102327654276,0.07943171161737264,0.15906760050670626,0.318386617707742,-0.1680416476421126,71.42857142857143,10,4,69.35357142857148,46.06078575074086,24.304339754469147,29.63487449479,65.07898414035242,44.22857142857096,25.12500000000052,35.714285714285715,64.28571428571429
SHUKLA_SAPTAMI,7,0.04689050108888091,0.1451180398548819,0.20744568053963347,0.2847341917604423,-0.3414984742898933,71.42857142857143,5,2,69.02857142857258,56.43178071858887,19.317199557822835,24.251019723588303,63.06925521072293,38.57142857142909,30.45714285714348,28.57142857142857,71.42857142857143
KRISHNA_DVITIYA,16,0.11739301944133299,0.11887917386882395,0.2212460742617118,0.5839481850607094,-0.2229088643210884,68.75,11,5,82.30000000000041,54.29351385744808,27.856645294104183,17.849840848447737,59.18061235296142,58.75000000000068,23.549999999999727,43.75,56.25
SHUKLA_PANCHAMI,12,0.013304640044280459,0.0496889836703954,0.14325789335352818,0.1866305778040984,-0.3019297064001155,66.66666666666666,8,4,65.85000000000007,41.003810576697795,29.050955121309,29.9452343019932,53.641248143649364,33.758333333333816,32.09166666666624,25.0,75.0
SHUKLA_DVITIYA,18,0.05200219332601762,0.0717232853933786,0.19838870835401579,0.4492295872636476,-0.4646072344158647,61.111111111111114,11,7,77.46944444444489,42.04273379667505,24.044934091770592,33.912332111554356,61.326393124253805,40.005555555555475,37.463888888889414,38.88888888888889,61.111111111111114
KRISHNA_CHATURDASHI,13,0.012308500113827066,0.0092961953771053,0.21064862573931117,0.3319720339965931,-0.3543209513527984,53.84615384615385,7,6,83.90769230769197,41.04218998888593,20.367743431492087,38.59006657962198,63.3798717970352,37.11538461538461,46.792307692307354,46.15384615384615,53.84615384615385
SHUKLA_EKADASHI,21,0.0047490379716684595,0.0279906449044585,0.19535657273559368,0.3093949817592386,-0.5337997362012088,52.38095238095239,11,10,72.9595238095237,45.97041390416977,23.883856444880074,30.145729650950166,55.3872475806818,37.84285714285718,35.116666666666525,33.33333333333333,66.66666666666666
KRISHNA_DVADASHI,12,0.09724035823204787,-0.0019075024077058987,0.35244823594927444,0.8191837312082947,-0.2529215323239339,50.0,6,6,106.3791666666666,54.87002888095895,14.59895181546539,30.531019303575665,61.64052986614221,53.587500000000546,52.79166666666606,66.66666666666666,33.33333333333333
KRISHNA_CHATURTHI,18,0.02036521216926352,0.02443373112886835,0.20176149617145228,0.2621741639278334,-0.4188494741505019,50.0,9,9,83.43055555555556,46.57995039407774,27.27305637136198,26.14699323456028,51.97504022256019,44.14444444444436,39.28611111111119,55.55555555555556,44.44444444444444
KRISHNA_TRITIYA,22,0.00855163581104036,-0.0034308486453576504,0.26347772395679503,0.6896322446189391,-0.561929918692482,50.0,11,11,93.22045454545447,40.700439249348136,27.59156561490479,31.707995135747083,52.802703801885336,47.81363636363626,45.40681818181822,50.0,50.0
KRISHNA_SAPTAMI,10,0.0005334256095168369,-0.022122040757722748,0.13897387356539137,0.2039173378775344,-0.2134913481968532,50.0,5,5,63.13500000000022,45.86786907465913,21.917518844574357,32.21461208076651,52.25501794587096,28.545000000000073,34.590000000000146,20.0,80.0
SHUKLA_TRAYODASHI,9,0.03364544369665524,-0.0188820968672439,0.3073465920851207,0.7286303368384759,-0.3541204874873337,44.44444444444444,4,5,92.10555555555564,43.458212247453844,36.154368774516016,20.387418978030144,40.990093865587596,58.29999999999968,33.80555555555596,55.55555555555556,44.44444444444444
KRISHNA_SHASHTHI,14,0.004098921245374312,-0.0594258375428862,0.24365436845428012,0.6381804856759361,-0.3166667348550158,42.857142857142854,6,8,80.54642857142893,50.03105780942713,20.2775220415353,29.691420149037572,53.43963085863295,36.44642857142909,44.099999999999845,42.857142857142854,57.14285714285714
SHUKLA_DVADASHI,14,0.0011648981591621007,-0.042513946519285854,0.15501459759952457,0.2330571021085296,-0.2283441520024744,42.857142857142854,6,8,83.80714285714281,38.00051815982068,21.3278896714018,40.67159216877753,59.792052475839846,34.5821428571427,49.2250000000001,57.14285714285714,42.857142857142854
SHUKLA_ASHTAMI,7,-0.0107881520016799,-0.0240131824091138,0.08693598276305677,0.1086839288825497,-0.1070564044371553,42.857142857142854,3,4,43.85714285714338,41.13500424884752,24.20752751731727,34.6574682338352,47.84419892838189,17.22142857142847,26.635714285714908,0.0,100.0
SHUKLA_PRATIPADA,10,-0.05282633473021592,-0.044679627897673005,0.2514482507262346,0.4552465451707183,-0.5052500087896603,40.0,4,6,83.08500000000022,45.155274530808256,26.58347400139173,28.26125146780002,44.665471530763284,35.31499999999905,47.77000000000116,40.0,60.0
KRISHNA_PANCHAMI,16,0.004976895419435155,-0.0561213235812414,0.3302502878965408,0.9795931909563922,-0.4179062492008391,37.5,6,10,107.73749999999973,41.84099873170928,30.639780280595275,27.519220987695455,43.80100627609625,57.22187500000018,50.515624999999545,81.25,18.75
SHUKLA_TRITIYA,19,-0.011544799108389923,-0.0271469216653356,0.14913505991452927,0.3446630032143296,-0.2879673932305511,36.84210526315789,7,12,65.23947368421106,44.26800297242947,25.334846847892535,30.39715017967799,49.0708484698986,27.99473684210534,37.24473684210572,36.84210526315789,63.1578947368421
KRISHNA_NAVAMI,19,-0.0696794038748559,-0.0336243854389136,0.3483434273260481,0.5104695358550952,-0.9941301928591928,36.84210526315789,7,12,98.48684210526316,54.39362023211757,17.015943561589012,28.590436206293422,51.29114921790232,35.95789473684214,62.528947368421015,68.42105263157895,31.57894736842105
KRISHNA_PRATIPADA,14,-0.11622033375880865,-0.09410503992146735,0.23424074965930874,0.2246046894609635,-0.6605761888810984,35.714285714285715,5,9,95.18571428571366,49.43852237710362,30.131660150230044,20.429817472666336,34.96721608478858,40.18214285714229,55.00357142857138,64.28571428571429,35.714285714285715
SHUKLA_CHATURDASHI,12,-0.08988403068542633,-0.0952177419615203,0.3430966388748966,0.451812579281414,-0.79404664945144,33.33333333333333,4,8,119.42083333333419,50.08920283061045,13.894974428041165,36.01582274134839,53.54784592077639,38.84583333333406,80.57500000000012,83.33333333333334,16.666666666666664
KRISHNA_ASHTAMI,13,-0.040401892928033825,-0.1277382123134418,0.21324189603993515,0.3240802921921747,-0.3359060323304118,30.76923076923077,4,9,74.97307692307648,58.77600957606114,18.452610687997886,22.771379735940968,44.05048505839996,31.130769230769566,43.84230769230691,61.53846153846154,38.46153846153847
PURNIMA,7,-0.053936135453556924,-0.0509091667796852,0.25788679958225236,0.3896963615849257,-0.368227903215771,28.57142857142857,2,5,82.5,55.39505119088916,22.57267502207453,22.032273787036296,43.219975790745714,34.785714285714285,47.714285714285715,57.14285714285714,42.857142857142854
SHUKLA_NAVAMI,7,-0.16764940597424877,-0.1544012719823356,0.19885684279609991,0.1271223407128081,-0.3835890247922918,28.57142857142857,2,5,79.67142857142919,60.71144240550064,18.088010061079824,21.20054753341954,32.18887315571531,18.649999999999896,61.0214285714293,42.857142857142854,57.14285714285714
AMAVASYA,8,-0.04150917142563315,-0.047993304552088195,0.10277572977538534,0.1533156057836191,-0.1590587391624205,25.0,2,6,64.76875000000018,33.25832630321522,30.78591836746734,35.95575532931744,42.024635612182514,26.40625,38.36250000000018,25.0,75.0
KRISHNA_DASHAMI,18,-0.09927514388427265,-0.11403076702285761,0.24752708742876622,0.4553681143326867,-0.5012332779500304,22.22222222222222,4,14,87.93333333333369,50.7298823032835,26.35908235989381,22.91103533682269,38.277441617268764,33.69722222222218,54.23611111111151,61.111111111111114,38.88888888888889
SHUKLA_SHASHTHI,6,-0.08038227741005576,-0.0583669301160147,0.19608037245120968,0.1783658891634695,-0.4245385381968805,16.666666666666664,1,5,94.22500000000097,33.650103686239994,30.52763986394255,35.82225644981745,43.20145813048929,33.683333333332484,60.54166666666848,66.66666666666666,33.33333333333333
